               epoch,      train/box_loss,      train/obj_loss,      train/cls_loss,   metrics/precision,      metrics/recall,     metrics/mAP_0.5,metrics/mAP_0.5:0.95,        val/box_loss,        val/obj_loss,        val/cls_loss,               x/lr0,               x/lr1,               x/lr2
                   0,            0.064902,            0.023703,            0.029005,          0.00087325,             0.15556,          0.00068358,          0.00010466,            0.037173,           0.0069163,            0.011316,            0.070213,           0.0033097,           0.0033097
                   1,            0.051094,             0.01293,            0.008663,             0.67481,            0.044444,           0.0062806,          0.00085285,            0.031124,           0.0063404,           0.0048157,            0.040203,           0.0066329,           0.0066329
                   2,            0.046393,             0.01011,           0.0054496,            0.029148,             0.22222,            0.027717,            0.012214,            0.023429,           0.0047369,           0.0054794,            0.010182,            0.009946,            0.009946
                   3,            0.039938,           0.0088168,           0.0053323,            0.018005,             0.75556,             0.19493,            0.056747,            0.029326,           0.0027881,           0.0066101,           0.0099543,           0.0099543,           0.0099543
                   4,            0.033388,           0.0078633,           0.0033811,             0.44893,            0.088889,             0.12692,            0.049851,            0.019261,           0.0037019,           0.0036255,           0.0099543,           0.0099543,           0.0099543
                   5,            0.030211,           0.0074096,           0.0031998,            0.035214,                 0.8,             0.14231,            0.067762,            0.016922,           0.0049326,           0.0043213,           0.0099391,           0.0099391,           0.0099391
                   6,            0.028509,           0.0070886,           0.0027054,           0.0062112,            0.066667,           0.0067772,          0.00067772,            0.029278,           0.0038649,            0.005452,           0.0099238,           0.0099238,           0.0099238
                   7,            0.027232,           0.0066312,           0.0022741,             0.18497,             0.73333,             0.54275,             0.20682,            0.015212,           0.0056222,              0.0104,           0.0099086,           0.0099086,           0.0099086
                   8,            0.025643,           0.0064468,           0.0022671,             0.42398,             0.14829,              0.1345,            0.025208,            0.023555,           0.0041327,           0.0048981,           0.0098934,           0.0098934,           0.0098934
                   9,            0.023697,           0.0061201,           0.0018023,             0.86478,             0.24444,             0.25019,             0.11606,            0.012709,           0.0059833,            0.007869,           0.0098782,           0.0098782,           0.0098782
                  10,            0.022966,           0.0059414,           0.0017013,             0.76237,             0.31111,             0.26898,             0.10953,            0.010646,           0.0075958,           0.0067337,           0.0098629,           0.0098629,           0.0098629
                  11,            0.021842,           0.0058901,           0.0018675,            0.021174,             0.31111,            0.030313,           0.0047385,            0.026341,           0.0041256,            0.011188,           0.0098477,           0.0098477,           0.0098477
                  12,            0.021496,           0.0058403,           0.0014428,            0.039548,             0.31111,             0.12456,            0.020488,            0.021895,           0.0050942,           0.0095398,           0.0098325,           0.0098325,           0.0098325
                  13,             0.02216,           0.0059862,           0.0014533,             0.73644,             0.12374,            0.053019,            0.010988,            0.027765,           0.0053623,            0.013605,           0.0098172,           0.0098172,           0.0098172
                  14,            0.020097,           0.0056113,           0.0014668,             0.74212,             0.15556,            0.066055,            0.010095,            0.027344,           0.0046912,           0.0078735,            0.009802,            0.009802,            0.009802
                  15,            0.020342,           0.0056854,           0.0011564,             0.98892,             0.28889,             0.32896,             0.11697,            0.022097,           0.0049604,             0.00905,           0.0097868,           0.0097868,           0.0097868
                  16,            0.019973,           0.0055696,           0.0010493,             0.93721,            0.088889,             0.12206,            0.014021,            0.029395,           0.0038091,           0.0077499,           0.0097715,           0.0097715,           0.0097715
                  17,            0.019384,           0.0054348,           0.0010949,            0.012945,            0.088889,             0.01074,           0.0014506,            0.029216,           0.0040523,            0.014236,           0.0097563,           0.0097563,           0.0097563
                  18,             0.01875,           0.0053776,            0.001175,             0.80918,             0.24444,             0.15388,            0.057642,            0.021089,           0.0046349,            0.016608,           0.0097411,           0.0097411,           0.0097411
                  19,            0.018566,           0.0051411,          0.00098759,            0.033708,                 0.2,             0.04217,            0.017656,            0.025102,           0.0043493,            0.011819,           0.0097258,           0.0097258,           0.0097258
                  20,            0.017614,           0.0050136,          0.00093568,             0.86599,             0.26453,             0.20435,            0.027372,            0.021838,           0.0044331,            0.011536,           0.0097106,           0.0097106,           0.0097106
                  21,            0.017691,           0.0051811,          0.00079054,             0.83382,             0.22358,             0.18693,            0.075593,             0.02219,           0.0048599,            0.011398,           0.0096954,           0.0096954,           0.0096954
                  22,            0.017239,           0.0049691,           0.0012421,             0.67926,            0.022222,           0.0038803,          0.00038803,            0.034416,           0.0040262,           0.0083725,           0.0096802,           0.0096802,           0.0096802
                  23,            0.017039,           0.0049497,          0.00080442,                   0,                   0,                   0,                   0,            0.036716,           0.0027417,            0.014163,           0.0096649,           0.0096649,           0.0096649
                  24,             0.01677,           0.0049985,           0.0009763,             0.89633,            0.088889,             0.15504,            0.022765,            0.027128,           0.0036688,            0.016608,           0.0096497,           0.0096497,           0.0096497
                  25,            0.016655,           0.0049848,          0.00089851,             0.75953,            0.044444,            0.027693,           0.0051864,            0.029402,           0.0043492,            0.013577,           0.0096345,           0.0096345,           0.0096345
                  26,            0.016776,           0.0049747,          0.00077137,             0.34772,                 0.4,             0.36587,            0.065602,            0.029499,           0.0027553,            0.014328,           0.0096192,           0.0096192,           0.0096192
                  27,            0.016059,           0.0047665,          0.00079622,              0.8955,             0.24337,             0.34391,            0.085083,              0.0267,           0.0053397,            0.011746,            0.009604,            0.009604,            0.009604
                  28,            0.015727,           0.0046591,           0.0010789,             0.99963,            0.044444,             0.25045,            0.065045,            0.034238,           0.0033027,            0.014511,           0.0095888,           0.0095888,           0.0095888
                  29,            0.015571,           0.0048047,          0.00094091,            0.073759,             0.11111,            0.074172,            0.014617,            0.032531,           0.0032853,           0.0066101,           0.0095735,           0.0095735,           0.0095735
                  30,            0.015881,           0.0047657,          0.00092459,            0.019608,            0.066667,             0.01385,            0.001385,             0.03117,            0.004104,           0.0090042,           0.0095583,           0.0095583,           0.0095583
                  31,            0.015854,           0.0046759,          0.00074074,             0.78543,            0.066667,            0.032538,           0.0032538,            0.028913,            0.004238,           0.0047333,           0.0095431,           0.0095431,           0.0095431
                  32,            0.015294,           0.0046684,          0.00056831,                   0,                   0,                   0,                   0,            0.034317,           0.0046774,           0.0070404,           0.0095278,           0.0095278,           0.0095278
                  33,            0.014755,           0.0045838,          0.00064341,             0.43634,            0.044444,            0.030884,           0.0030884,            0.030347,           0.0041632,           0.0052139,           0.0095126,           0.0095126,           0.0095126
                  34,            0.014674,           0.0044993,          0.00062574,            0.068783,             0.28889,            0.099972,            0.034601,            0.020953,           0.0063113,           0.0055344,           0.0094974,           0.0094974,           0.0094974
                  35,            0.015169,           0.0045404,          0.00073616,             0.88354,             0.26667,             0.24462,            0.070686,            0.020556,           0.0048645,            0.011517,           0.0094822,           0.0094822,           0.0094822
                  36,            0.014508,           0.0046516,          0.00070762,             0.58581,             0.27792,             0.52802,             0.20292,            0.014402,           0.0051777,           0.0096039,           0.0094669,           0.0094669,           0.0094669
                  37,              0.0148,           0.0045521,           0.0006416,              0.7949,            0.066667,            0.071056,             0.01474,            0.029758,           0.0036697,            0.013422,           0.0094517,           0.0094517,           0.0094517
                  38,            0.014685,           0.0043861,          0.00078047,              0.7899,             0.17778,             0.15553,            0.037287,            0.023354,           0.0045268,            0.012607,           0.0094365,           0.0094365,           0.0094365
                  39,            0.014351,           0.0044616,          0.00048002,             0.61644,             0.25086,             0.43069,             0.18961,            0.013242,           0.0052084,            0.013788,           0.0094212,           0.0094212,           0.0094212
                  40,            0.014114,           0.0044529,          0.00063362,             0.36127,             0.46667,             0.47848,             0.07093,            0.025366,           0.0036465,            0.013321,            0.009406,            0.009406,            0.009406
                  41,            0.014143,           0.0043588,          0.00050632,             0.62896,             0.24444,             0.29987,            0.087652,            0.020727,           0.0051394,           0.0078461,           0.0093908,           0.0093908,           0.0093908
                  42,            0.013955,           0.0043315,            0.000503,             0.12613,             0.17778,             0.14004,            0.030703,            0.030188,           0.0041297,           0.0098694,           0.0093755,           0.0093755,           0.0093755
                  43,             0.01395,           0.0044377,           0.0005846,            0.096643,            0.044444,            0.020132,           0.0020132,            0.031095,            0.003737,            0.010876,           0.0093603,           0.0093603,           0.0093603
                  44,             0.01387,           0.0044135,          0.00060506,            0.011494,            0.066667,            0.013918,           0.0013918,            0.034395,           0.0035516,            0.011865,           0.0093451,           0.0093451,           0.0093451
                  45,            0.013902,           0.0042822,          0.00068647,            0.041858,            0.022222,           0.0089801,            0.001515,            0.035311,            0.003251,           0.0077225,           0.0093298,           0.0093298,           0.0093298
                  46,            0.013545,           0.0043737,          0.00067329,             0.13939,             0.15556,              0.1035,            0.024334,            0.031254,           0.0042115,           0.0094666,           0.0093146,           0.0093146,           0.0093146
                  47,            0.013736,           0.0042751,          0.00067578,            0.027778,            0.044444,             0.01649,            0.001649,            0.034827,           0.0037079,           0.0092468,           0.0092994,           0.0092994,           0.0092994
                  48,             0.01327,           0.0043175,          0.00053436,            0.015152,            0.066667,             0.01047,           0.0031409,            0.037263,           0.0036032,           0.0058777,           0.0092842,           0.0092842,           0.0092842
                  49,            0.013315,            0.004335,          0.00057879,             0.64362,             0.29963,             0.65317,             0.24988,            0.015689,            0.007503,           0.0078369,           0.0092689,           0.0092689,           0.0092689
                  50,             0.01349,           0.0042771,          0.00050628,               0.125,             0.26667,             0.17113,             0.02005,            0.028952,           0.0051728,           0.0033897,           0.0092537,           0.0092537,           0.0092537
                  51,            0.013131,           0.0041898,          0.00046316,             0.11111,            0.066667,                0.11,               0.022,            0.039131,           0.0025802,           0.0030762,           0.0092385,           0.0092385,           0.0092385
                  52,             0.01289,           0.0040327,          0.00043832,                   0,                   0,                   0,                   0,            0.031397,           0.0042507,           0.0064636,           0.0092232,           0.0092232,           0.0092232
                  53,            0.012941,           0.0041588,          0.00046255,                   0,                   0,                   0,                   0,            0.031797,           0.0036061,           0.0078964,            0.009208,            0.009208,            0.009208
                  54,            0.012905,           0.0042143,          0.00047273,            0.066667,             0.33333,            0.066333,           0.0066333,            0.036569,           0.0033983,           0.0051224,           0.0091928,           0.0091928,           0.0091928
                  55,            0.012836,           0.0040946,          0.00057531,             0.23333,                 0.4,             0.46417,            0.086167,            0.036033,           0.0036192,           0.0080887,           0.0091775,           0.0091775,           0.0091775
                  56,            0.012977,            0.004135,          0.00063407,             0.76904,            0.022222,            0.008256,           0.0008256,            0.036428,           0.0033841,           0.0049576,           0.0091623,           0.0091623,           0.0091623
                  57,            0.012486,           0.0041227,          0.00044179,             0.88757,             0.22222,             0.22774,            0.030444,            0.029319,           0.0048369,           0.0046646,           0.0091471,           0.0091471,           0.0091471
                  58,            0.012806,            0.004169,          0.00046051,            0.034483,            0.066667,            0.028966,           0.0028966,            0.034161,           0.0046158,           0.0037788,           0.0091318,           0.0091318,           0.0091318
                  59,            0.012324,           0.0039673,           0.0003793,             0.25336,             0.36319,             0.37946,             0.11254,            0.028288,           0.0044757,           0.0032616,           0.0091166,           0.0091166,           0.0091166
                  60,            0.012545,           0.0040598,          0.00038954,             0.91998,             0.17778,             0.19227,            0.022355,            0.030144,           0.0048408,           0.0036003,           0.0091014,           0.0091014,           0.0091014
                  61,            0.012457,           0.0040154,          0.00054963,             0.88509,             0.13333,              0.1639,            0.041255,            0.029088,            0.004938,           0.0042847,           0.0090862,           0.0090862,           0.0090862
                  62,             0.01238,           0.0039612,          0.00071773,             0.71596,            0.031412,             0.01554,            0.001554,            0.039547,           0.0033919,             0.00504,           0.0090709,           0.0090709,           0.0090709
                  63,             0.01304,           0.0042738,          0.00057088,             0.91483,            0.088889,             0.10036,            0.010402,            0.034566,           0.0040849,           0.0058777,           0.0090557,           0.0090557,           0.0090557
                  64,              0.0125,           0.0040724,           0.0012849,              0.6924,              0.1655,             0.55337,             0.10982,            0.037357,           0.0032931,             0.00569,           0.0090405,           0.0090405,           0.0090405
                  65,            0.012385,           0.0041657,          0.00043199,               0.515,            0.054447,            0.092794,           0.0092794,            0.033459,           0.0039198,           0.0047516,           0.0090252,           0.0090252,           0.0090252
                  66,            0.012759,           0.0041121,          0.00056801,             0.36366,            0.066667,            0.065038,            0.012607,            0.038142,            0.003309,           0.0040604,             0.00901,             0.00901,             0.00901
                  67,            0.012235,           0.0039749,          0.00098324,            0.044025,             0.15556,             0.10961,            0.012752,            0.029536,           0.0050091,           0.0093155,           0.0089948,           0.0089948,           0.0089948
                  68,            0.012721,           0.0041749,          0.00051371,            0.017544,            0.044444,            0.030073,           0.0030073,            0.035325,           0.0038321,           0.0082169,           0.0089795,           0.0089795,           0.0089795
                  69,            0.012528,           0.0040367,          0.00087502,             0.11341,             0.48889,             0.16057,            0.063362,            0.037776,           0.0040285,            0.012231,           0.0089643,           0.0089643,           0.0089643
                  70,            0.012527,           0.0041831,          0.00046898,             0.10017,             0.17778,             0.13117,            0.038529,            0.032001,           0.0034238,            0.014337,           0.0089491,           0.0089491,           0.0089491
                  71,            0.012344,           0.0039967,          0.00045093,             0.89717,             0.19932,             0.28962,            0.044222,            0.027596,           0.0049305,             0.01138,           0.0089338,           0.0089338,           0.0089338
                  72,            0.012319,           0.0041277,          0.00050819,             0.91246,             0.28889,             0.29907,            0.092931,            0.018351,           0.0085544,           0.0071686,           0.0089186,           0.0089186,           0.0089186
                  73,            0.012458,           0.0040091,          0.00045534,             0.22407,             0.22222,             0.26693,            0.043933,            0.026136,            0.005708,           0.0054611,           0.0089034,           0.0089034,           0.0089034
                  74,            0.012393,           0.0040283,          0.00038048,             0.51089,                 0.2,             0.20702,            0.024979,            0.027291,           0.0041343,           0.0076126,           0.0088882,           0.0088882,           0.0088882
                  75,            0.012047,           0.0038816,          0.00037461,             0.51892,                 0.2,             0.29662,            0.043853,            0.029159,           0.0034824,            0.013193,           0.0088729,           0.0088729,           0.0088729
                  76,            0.011608,           0.0039597,          0.00053171,              0.2529,             0.24444,             0.22182,            0.087209,            0.030067,           0.0036029,            0.011948,           0.0088577,           0.0088577,           0.0088577
                  77,            0.011761,           0.0039162,          0.00047926,                   0,                   0,                   0,                   0,            0.032867,           0.0032471,            0.010703,           0.0088425,           0.0088425,           0.0088425
                  78,             0.01157,           0.0039108,          0.00045711,             0.10681,             0.17778,             0.14353,            0.028094,            0.033346,           0.0035729,            0.010849,           0.0088272,           0.0088272,           0.0088272
                  79,            0.011881,           0.0039502,          0.00075995,             0.12662,             0.22222,             0.19572,            0.034934,            0.035267,            0.003106,           0.0068619,            0.008812,            0.008812,            0.008812
                  80,            0.012362,           0.0040273,          0.00060854,             0.14272,             0.22222,             0.22575,            0.042453,            0.028787,            0.004229,           0.0084732,           0.0087968,           0.0087968,           0.0087968
                  81,            0.011749,           0.0039348,          0.00045898,              0.6964,            0.066667,            0.017182,           0.0017182,            0.028356,           0.0050768,           0.0089813,           0.0087815,           0.0087815,           0.0087815
                  82,            0.012065,           0.0039702,          0.00036778,             0.52121,             0.25859,             0.38081,            0.093038,            0.024294,           0.0056191,           0.0085922,           0.0087663,           0.0087663,           0.0087663
                  83,            0.011855,           0.0039054,          0.00034888,             0.83585,             0.13769,               0.131,            0.013813,            0.027961,           0.0039161,           0.0064178,           0.0087511,           0.0087511,           0.0087511
                  84,            0.011675,            0.003865,          0.00040056,             0.55844,             0.23147,             0.34707,            0.088099,            0.026499,           0.0040607,              0.0084,           0.0087358,           0.0087358,           0.0087358
                  85,            0.011329,           0.0038595,          0.00035073,             0.93691,             0.28889,             0.65096,             0.16441,            0.026439,           0.0053328,           0.0059418,           0.0087206,           0.0087206,           0.0087206
                  86,            0.011697,           0.0039493,          0.00036755,             0.93681,             0.22222,             0.42094,            0.092748,             0.02656,           0.0043666,           0.0071228,           0.0087054,           0.0087054,           0.0087054
                  87,              0.0115,           0.0038347,          0.00045912,             0.88786,                 0.2,             0.17301,            0.026693,            0.027106,            0.004559,             0.01377,           0.0086902,           0.0086902,           0.0086902
                  88,            0.011682,           0.0038236,          0.00045278,            0.046512,             0.13333,            0.052047,           0.0068739,            0.034005,           0.0039921,            0.015738,           0.0086749,           0.0086749,           0.0086749
                  89,            0.011369,           0.0038483,          0.00034387,             0.35985,             0.22222,             0.25714,            0.048907,            0.032367,           0.0038175,            0.014841,           0.0086597,           0.0086597,           0.0086597
                  90,            0.011572,           0.0037567,          0.00036233,             0.26971,             0.22222,             0.28633,             0.09274,             0.02315,           0.0047875,            0.021222,           0.0086445,           0.0086445,           0.0086445
                  91,            0.010953,           0.0037059,          0.00033707,             0.89793,             0.30237,              0.8802,              0.4354,            0.016969,            0.025049,            0.018219,           0.0086292,           0.0086292,           0.0086292
                  92,            0.011477,           0.0038595,          0.00034033,             0.83402,             0.15556,              0.6934,             0.19135,            0.026315,           0.0098245,            0.014493,            0.008614,            0.008614,            0.008614
                  93,            0.011291,           0.0037102,          0.00033657,             0.77119,             0.11111,            0.083883,            0.010199,            0.030986,            0.007314,             0.01344,           0.0085988,           0.0085988,           0.0085988
                  94,            0.010958,           0.0037183,          0.00042071,             0.33333,            0.066667,                 0.2,                0.04,            0.032678,           0.0081086,            0.017798,           0.0085835,           0.0085835,           0.0085835
                  95,            0.010922,           0.0037165,          0.00050583,              0.2263,                 0.2,             0.23304,            0.051144,             0.03515,           0.0033263,            0.014969,           0.0085683,           0.0085683,           0.0085683
                  96,            0.011224,           0.0038378,          0.00032931,             0.50646,             0.28889,             0.58639,             0.17355,            0.025869,           0.0064644,            0.015857,           0.0085531,           0.0085531,           0.0085531
                  97,            0.011229,            0.003788,          0.00031269,              0.9198,             0.22222,             0.79523,             0.16612,            0.024784,            0.010178,            0.015179,           0.0085378,           0.0085378,           0.0085378
                  98,            0.011087,           0.0037867,          0.00035752,             0.98487,             0.15556,             0.36832,            0.059268,            0.029525,           0.0043823,            0.011691,           0.0085226,           0.0085226,           0.0085226
                  99,            0.011009,            0.003654,          0.00037693,             0.64693,             0.15556,             0.17197,            0.028328,            0.030403,           0.0047022,            0.012332,           0.0085074,           0.0085074,           0.0085074
                 100,            0.010903,            0.003778,          0.00033372,             0.88577,             0.15556,             0.40747,             0.10128,            0.029898,            0.005745,           0.0076172,           0.0084922,           0.0084922,           0.0084922
                 101,            0.011043,           0.0037615,          0.00037593,              0.8573,             0.11111,             0.28927,            0.048927,            0.033631,           0.0038635,            0.008313,           0.0084769,           0.0084769,           0.0084769
                 102,             0.01138,           0.0037943,          0.00054107,             0.90796,             0.17501,             0.30099,             0.10699,            0.024797,           0.0036642,            0.014886,           0.0084617,           0.0084617,           0.0084617
                 103,            0.011195,            0.003757,          0.00063551,             0.88224,             0.13333,             0.17818,            0.067164,            0.026088,            0.003719,            0.004541,           0.0084465,           0.0084465,           0.0084465
                 104,            0.010968,           0.0037553,          0.00042835,             0.75321,             0.12493,              0.1383,            0.021387,            0.034998,           0.0028103,           0.0047379,           0.0084312,           0.0084312,           0.0084312
                 105,            0.011082,           0.0038455,          0.00048962,              0.7543,            0.066667,            0.055496,           0.0063184,            0.032658,           0.0041335,           0.0050812,            0.008416,            0.008416,            0.008416
                 106,            0.010884,           0.0038201,          0.00055566,             0.87486,             0.11111,             0.19604,            0.055061,             0.03107,           0.0051496,           0.0064316,           0.0084008,           0.0084008,           0.0084008
                 107,             0.01094,           0.0038731,          0.00057807,             0.72827,             0.11111,            0.041543,           0.0067384,            0.032541,           0.0060193,           0.0099518,           0.0083855,           0.0083855,           0.0083855
                 108,            0.011138,           0.0037567,          0.00039986,             0.91968,             0.15556,             0.50361,             0.22434,              0.0252,            0.014183,            0.012305,           0.0083703,           0.0083703,           0.0083703
                 109,            0.011253,           0.0038421,          0.00062053,             0.57984,             0.15556,             0.20037,            0.066259,            0.028211,           0.0050901,           0.0091644,           0.0083551,           0.0083551,           0.0083551
                 110,            0.011267,           0.0037056,           0.0004727,             0.95702,             0.15065,             0.30276,             0.10079,            0.034331,            0.004768,           0.0075439,           0.0083398,           0.0083398,           0.0083398
                 111,            0.011138,           0.0038044,          0.00039487,             0.88257,             0.28611,             0.82745,             0.38656,            0.012389,            0.010582,            0.012552,           0.0083246,           0.0083246,           0.0083246
                 112,            0.010694,           0.0037324,          0.00041622,             0.64508,             0.33333,             0.53167,             0.22068,            0.012147,           0.0084703,            0.016159,           0.0083094,           0.0083094,           0.0083094
                 113,            0.011078,           0.0038085,          0.00030306,             0.56023,             0.24444,             0.26852,              0.1134,            0.017342,           0.0068847,            0.013806,           0.0082942,           0.0082942,           0.0082942
                 114,            0.010619,           0.0035957,          0.00039507,             0.56166,             0.28889,             0.29558,            0.052929,            0.023719,           0.0055347,             0.01257,           0.0082789,           0.0082789,           0.0082789
                 115,            0.010505,           0.0035516,          0.00028026,             0.84924,             0.16179,             0.17195,            0.025136,            0.029813,           0.0036968,            0.010785,           0.0082637,           0.0082637,           0.0082637
                 116,            0.010837,            0.003565,          0.00028828,             0.81784,             0.22134,             0.15807,            0.028418,             0.02957,           0.0037755,            0.010904,           0.0082485,           0.0082485,           0.0082485
                 117,            0.010795,           0.0035896,          0.00029907,             0.81937,             0.28199,             0.38807,            0.097349,            0.023765,           0.0070193,            0.010876,           0.0082332,           0.0082332,           0.0082332
                 118,            0.010672,           0.0036145,          0.00035162,             0.52269,             0.26667,             0.26448,              0.0508,             0.02485,           0.0060142,           0.0090683,            0.008218,            0.008218,            0.008218
                 119,            0.010356,           0.0036123,          0.00041944,             0.59116,                 0.2,             0.41317,             0.14265,            0.028125,           0.0040774,            0.012625,           0.0082028,           0.0082028,           0.0082028
                 120,             0.01067,           0.0034447,          0.00030152,             0.68575,             0.73333,             0.80667,             0.27443,            0.022739,           0.0053707,           0.0097046,           0.0081875,           0.0081875,           0.0081875
                 121,            0.010221,           0.0036248,          0.00030112,             0.90035,             0.33333,             0.89065,              0.3488,            0.017399,            0.011103,            0.010071,           0.0081723,           0.0081723,           0.0081723
                 122,            0.010622,           0.0036307,           0.0003693,             0.83913,             0.24444,             0.74566,             0.29385,            0.025075,           0.0075117,           0.0077133,           0.0081571,           0.0081571,           0.0081571
                 123,            0.010498,            0.003547,          0.00046938,              0.8051,             0.17778,              0.1048,            0.025009,            0.033533,           0.0035152,           0.0076126,           0.0081418,           0.0081418,           0.0081418
                 124,            0.010403,           0.0035777,          0.00035437,             0.56323,             0.29658,             0.50193,             0.23071,            0.014376,           0.0077595,            0.015683,           0.0081266,           0.0081266,           0.0081266
                 125,            0.010219,            0.003511,          0.00030484,             0.89495,             0.28978,             0.82372,             0.26728,            0.014937,           0.0060478,            0.014008,           0.0081114,           0.0081114,           0.0081114
                 126,            0.010452,           0.0036662,          0.00030806,             0.85725,             0.14876,             0.34204,            0.075582,            0.030001,           0.0067375,            0.016086,           0.0080962,           0.0080962,           0.0080962
                 127,            0.010357,           0.0035772,          0.00028298,             0.91061,             0.33333,             0.89099,             0.22599,            0.023598,            0.016217,            0.016919,           0.0080809,           0.0080809,           0.0080809
                 128,            0.010151,           0.0034565,          0.00030505,             0.94727,             0.26667,              0.5076,             0.11922,            0.022223,            0.011625,            0.016827,           0.0080657,           0.0080657,           0.0080657
                 129,            0.010187,           0.0034505,          0.00033081,             0.51341,             0.77778,             0.75277,             0.19325,            0.025058,           0.0090507,            0.014374,           0.0080505,           0.0080505,           0.0080505
                 130,            0.010097,           0.0036191,          0.00042135,             0.87313,             0.28935,             0.74885,             0.28778,            0.023162,           0.0081086,            0.016864,           0.0080352,           0.0080352,           0.0080352
                 131,           0.0099815,           0.0034835,          0.00035322,             0.46134,                 0.8,             0.85014,             0.31455,            0.017816,            0.012003,            0.015674,             0.00802,             0.00802,             0.00802
                 132,            0.010165,           0.0034956,          0.00028788,             0.57948,             0.31111,             0.63713,             0.20379,            0.019374,            0.011692,            0.015417,           0.0080048,           0.0080048,           0.0080048
                 133,            0.010215,           0.0035179,          0.00027509,             0.50206,             0.31111,             0.43921,            0.068255,            0.023452,            0.013769,            0.014127,           0.0079895,           0.0079895,           0.0079895
                 134,            0.010475,           0.0036284,          0.00048898,             0.55686,             0.26667,             0.61866,             0.23162,            0.012901,           0.0091768,            0.016095,           0.0079743,           0.0079743,           0.0079743
                 135,            0.010257,           0.0035147,          0.00050525,             0.38391,             0.84444,             0.84791,             0.22208,            0.025627,            0.016957,             0.01528,           0.0079591,           0.0079591,           0.0079591
                 136,            0.010101,           0.0035041,          0.00034743,             0.22573,             0.93333,             0.89282,             0.32953,            0.016513,            0.018623,            0.016873,           0.0079438,           0.0079438,           0.0079438
                 137,           0.0099955,           0.0036203,          0.00035802,              0.9049,             0.31111,             0.79475,             0.26923,            0.016626,            0.020238,            0.016104,           0.0079286,           0.0079286,           0.0079286
                 138,           0.0095859,           0.0034879,          0.00028747,             0.93623,             0.28889,              0.8616,             0.23993,            0.015382,            0.014148,            0.015784,           0.0079134,           0.0079134,           0.0079134
                 139,           0.0098162,           0.0034939,          0.00028354,             0.24365,             0.93333,             0.67716,             0.22679,            0.021686,            0.012853,            0.017459,           0.0078982,           0.0078982,           0.0078982
                 140,            0.010119,           0.0034791,          0.00031245,              0.5096,             0.73333,             0.58832,            0.092107,            0.024626,           0.0092695,            0.016736,           0.0078829,           0.0078829,           0.0078829
                 141,           0.0099206,           0.0033838,          0.00036221,             0.83934,             0.31111,             0.58916,             0.21347,            0.016481,            0.012356,            0.017651,           0.0078677,           0.0078677,           0.0078677
                 142,            0.010052,           0.0034172,          0.00030395,              0.8723,             0.28889,             0.59962,             0.11637,            0.018882,             0.01149,            0.014429,           0.0078525,           0.0078525,           0.0078525
                 143,           0.0099286,            0.003488,          0.00032221,             0.87429,             0.33333,             0.62452,             0.21258,            0.015371,             0.01001,            0.011279,           0.0078372,           0.0078372,           0.0078372
                 144,           0.0097342,           0.0035238,          0.00031033,             0.37666,             0.73333,              0.6517,             0.35986,            0.010434,            0.012264,            0.011829,            0.007822,            0.007822,            0.007822
                 145,           0.0099194,           0.0033971,          0.00036012,             0.58503,             0.28889,             0.63321,             0.39395,           0.0088255,            0.014989,            0.014337,           0.0078068,           0.0078068,           0.0078068
                 146,             0.01018,           0.0035074,          0.00034469,             0.89201,             0.27852,             0.79237,             0.30981,            0.014247,              0.0153,            0.012231,           0.0077915,           0.0077915,           0.0077915
                 147,            0.010049,           0.0035181,          0.00026566,             0.56272,             0.29445,             0.38194,            0.069722,            0.022936,           0.0070235,           0.0080383,           0.0077763,           0.0077763,           0.0077763
                 148,           0.0099817,           0.0034332,          0.00025224,             0.34877,                 0.8,             0.79705,             0.21813,            0.019591,           0.0078738,            0.012735,           0.0077611,           0.0077611,           0.0077611
                 149,           0.0096895,           0.0033977,          0.00027431,              0.6124,             0.31111,             0.41718,             0.13214,            0.018076,           0.0091439,            0.013229,           0.0077458,           0.0077458,           0.0077458
                 150,           0.0096234,           0.0034675,          0.00032113,             0.26238,             0.26667,             0.26994,            0.063621,            0.025608,           0.0078607,            0.011032,           0.0077306,           0.0077306,           0.0077306
                 151,           0.0098129,           0.0035078,          0.00026395,             0.87854,             0.31016,             0.28942,            0.082959,             0.02195,            0.010085,            0.011984,           0.0077154,           0.0077154,           0.0077154
                 152,           0.0097923,           0.0034068,          0.00026837,             0.55211,             0.31111,             0.62479,             0.19984,            0.018703,            0.018354,            0.015967,           0.0077002,           0.0077002,           0.0077002
                 153,           0.0099396,           0.0033337,           0.0002888,             0.56639,             0.28889,             0.26344,            0.055334,            0.026014,            0.010313,            0.012973,           0.0076849,           0.0076849,           0.0076849
                 154,           0.0096628,           0.0032873,          0.00043447,             0.83046,             0.25785,             0.55088,             0.23267,            0.025489,            0.008454,            0.014557,           0.0076697,           0.0076697,           0.0076697
                 155,           0.0099579,           0.0034425,           0.0002833,             0.90861,             0.29438,             0.83836,             0.27017,            0.024106,           0.0090346,            0.017926,           0.0076545,           0.0076545,           0.0076545
                 156,            0.010078,           0.0034484,          0.00052329,             0.53423,             0.26982,             0.25824,              0.0787,            0.021148,            0.006174,            0.017908,           0.0076392,           0.0076392,           0.0076392
                 157,           0.0096152,           0.0035056,          0.00028166,             0.58995,             0.14922,             0.22613,             0.03776,            0.027464,           0.0052571,            0.017432,            0.007624,            0.007624,            0.007624
                 158,            0.009333,           0.0032801,          0.00024918,             0.54837,             0.22222,             0.44649,             0.13601,            0.020002,           0.0059805,            0.015564,           0.0076088,           0.0076088,           0.0076088
                 159,           0.0097894,           0.0033188,           0.0003276,              0.5461,             0.28889,             0.38574,             0.11667,            0.020231,           0.0069899,            0.016205,           0.0075935,           0.0075935,           0.0075935
                 160,           0.0097302,           0.0033924,          0.00030143,             0.58903,             0.26667,             0.38221,             0.13338,            0.018185,           0.0074694,            0.017157,           0.0075783,           0.0075783,           0.0075783
                 161,           0.0099424,           0.0034113,          0.00045497,             0.20284,             0.22222,              0.2561,            0.073868,            0.017043,           0.0060562,             0.02406,           0.0075631,           0.0075631,           0.0075631
                 162,           0.0097965,           0.0033968,           0.0004123,             0.19293,             0.24444,             0.24635,            0.084966,            0.016005,            0.006216,             0.02688,           0.0075478,           0.0075478,           0.0075478
                 163,           0.0095631,           0.0034188,          0.00038744,             0.30472,             0.23709,             0.30101,             0.14309,            0.013232,           0.0063338,            0.022961,           0.0075326,           0.0075326,           0.0075326
                 164,           0.0095291,           0.0034135,          0.00028857,             0.16562,             0.24152,             0.18493,            0.059272,            0.025545,           0.0052915,             0.02038,           0.0075174,           0.0075174,           0.0075174
                 165,           0.0098092,           0.0034101,          0.00052691,             0.83214,             0.15556,             0.31913,             0.12632,            0.030512,           0.0051917,            0.023401,           0.0075022,           0.0075022,           0.0075022
                 166,           0.0098341,           0.0033845,          0.00038775,             0.53263,             0.19836,             0.38993,             0.13263,            0.028086,           0.0064144,            0.019373,           0.0074869,           0.0074869,           0.0074869
                 167,           0.0098021,           0.0033247,          0.00046189,             0.56949,             0.33333,             0.48668,             0.15629,            0.024463,            0.005888,             0.01701,           0.0074717,           0.0074717,           0.0074717
                 168,           0.0099322,           0.0034822,          0.00031541,             0.64329,             0.29492,             0.51738,             0.23643,            0.020239,           0.0049249,            0.013953,           0.0074565,           0.0074565,           0.0074565
                 169,            0.009576,           0.0033376,          0.00027885,             0.57637,             0.29936,             0.50053,             0.18897,            0.021629,           0.0068006,            0.015637,           0.0074412,           0.0074412,           0.0074412
                 170,           0.0099284,           0.0033785,          0.00028036,             0.70881,               0.417,             0.35484,             0.06239,            0.027816,           0.0062497,            0.011343,            0.007426,            0.007426,            0.007426
                 171,             0.00956,           0.0033289,          0.00030789,             0.78661,             0.15556,             0.23616,            0.051277,            0.030162,            0.005787,           0.0088486,           0.0074108,           0.0074108,           0.0074108
                 172,           0.0093878,           0.0033151,          0.00036167,             0.51746,             0.84444,             0.80786,             0.15889,            0.028094,           0.0098834,           0.0088623,           0.0073955,           0.0073955,           0.0073955
                 173,           0.0098346,           0.0032848,          0.00042769,             0.18003,                 0.8,             0.72143,             0.10406,            0.031947,            0.011717,           0.0073059,           0.0073803,           0.0073803,           0.0073803
                 174,           0.0099069,            0.003497,          0.00048448,             0.83243,             0.22222,             0.41435,             0.10869,            0.029834,           0.0087647,           0.0064545,           0.0073651,           0.0073651,           0.0073651
                 175,            0.010029,           0.0035126,          0.00048945,             0.20311,             0.26667,             0.26081,             0.02951,            0.030727,            0.008424,            0.010199,           0.0073498,           0.0073498,           0.0073498
                 176,            0.010035,           0.0034864,          0.00036508,             0.13758,             0.17778,             0.15444,            0.015719,            0.031833,           0.0052613,            0.012048,           0.0073346,           0.0073346,           0.0073346
                 177,           0.0096097,           0.0033908,          0.00043442,             0.24706,             0.28889,             0.28134,            0.034296,            0.028831,           0.0054127,            0.015564,           0.0073194,           0.0073194,           0.0073194
                 178,           0.0095677,            0.003415,          0.00025948,             0.63248,                 0.2,             0.26244,            0.034063,            0.029335,            0.004988,            0.017441,           0.0073042,           0.0073042,           0.0073042
                 179,           0.0094023,            0.003214,          0.00025488,              0.5848,            0.088889,              0.1242,             0.01242,            0.030416,           0.0051352,            0.018228,           0.0072889,           0.0072889,           0.0072889
                 180,           0.0095611,           0.0033604,           0.0003316,              0.6289,             0.17778,             0.23584,            0.025065,            0.030139,            0.004866,            0.022083,           0.0072737,           0.0072737,           0.0072737
                 181,           0.0095949,           0.0032655,          0.00030767,             0.59087,             0.33333,             0.63825,             0.17605,            0.021664,            0.013643,            0.022522,           0.0072585,           0.0072585,           0.0072585
                 182,           0.0091705,           0.0032953,          0.00024793,             0.65171,             0.31111,             0.66208,             0.21296,            0.016538,            0.011187,            0.019208,           0.0072432,           0.0072432,           0.0072432
                 183,           0.0097499,           0.0033975,          0.00034154,             0.92917,             0.32963,             0.84548,             0.31638,            0.015875,            0.010186,            0.017239,            0.007228,            0.007228,            0.007228
                 184,           0.0092658,           0.0033916,          0.00033972,             0.94901,             0.28889,             0.84843,              0.2337,            0.018642,            0.011616,            0.016672,           0.0072128,           0.0072128,           0.0072128
                 185,           0.0097363,            0.003316,          0.00027327,             0.57144,             0.27815,             0.27508,            0.039821,            0.021702,            0.015561,            0.016342,           0.0071975,           0.0071975,           0.0071975
                 186,           0.0096091,           0.0033319,          0.00025128,             0.92185,             0.31111,             0.31376,            0.058694,            0.020669,            0.017176,            0.016159,           0.0071823,           0.0071823,           0.0071823
                 187,           0.0094705,           0.0034385,          0.00025348,             0.29351,             0.32779,             0.32014,            0.060618,            0.021105,            0.014754,            0.018411,           0.0071671,           0.0071671,           0.0071671
                 188,            0.009542,           0.0033956,          0.00024236,             0.68379,                 0.8,             0.87811,             0.26273,            0.020093,            0.014081,            0.018411,           0.0071518,           0.0071518,           0.0071518
                 189,           0.0092964,           0.0033588,          0.00023444,             0.85836,             0.33333,             0.54094,             0.19985,            0.020386,            0.014215,            0.017889,           0.0071366,           0.0071366,           0.0071366
                 190,           0.0091784,           0.0032123,          0.00029744,             0.55473,             0.30781,             0.55816,             0.15462,            0.022829,            0.018152,            0.016232,           0.0071214,           0.0071214,           0.0071214
                 191,           0.0094048,           0.0033414,          0.00028174,             0.51603,             0.86667,              0.7584,             0.19066,             0.02214,            0.014939,            0.017331,           0.0071062,           0.0071062,           0.0071062
